PCA Components,Test Accuracy,Run-Time (s)
5,0.9055555555555556,0.16861891746520996
10,0.9111111111111111,0.20815515518188477
15,0.8944444444444445,0.21046137809753418
20,0.9222222222222223,0.23234891891479492
25,0.9222222222222223,0.2665078639984131
30,0.9055555555555556,0.2700080871582031
35,0.9277777777777778,0.31010913848876953
40,0.9333333333333333,0.3073000907897949
45,0.9111111111111111,0.30901074409484863
50,0.9333333333333333,0.3684120178222656
